period,avg_stay_nights,daily_peak,domestic_share_pct,occupancy_rate,rooms_available,rooms_sold,visitors
2019-01,0.64,8580.0,97.6,57.3,42000.0,24067.0,79349.0
2019-02,0.44,8095.0,95.5,60.4,42000.0,25373.0,74099.0
2019-03,0.46,6769.0,94.7,53.7,42000.0,22571.0,60899.0
2019-04,0.48,5658.0,96.8,42.0,42000.0,17623.0,48180.0
2019-05,0.64,4053.0,94.7,35.2,42000.0,14774.0,40419.0
2019-06,0.69,2972.0,97.0,26.5,42000.0,11132.0,31152.0
2019-07,0.51,3639.0,96.9,31.4,42000.0,13178.0,32106.0
2019-08,0.49,3702.0,95.5,35.7,42000.0,14980.0,36005.0
2019-09,0.56,4704.0,96.4,39.3,42000.0,16511.0,45488.0
2019-10,0.6,6516.0,95.9,49.1,42000.0,20636.0,53396.0
2019-11,0.49,7879.0,94.9,51.4,42000.0,21593.0,75124.0
2019-12,0.61,9871.0,96.3,67.0,42000.0,28123.0,88878.0
2020-01,0.51,8856.0,97.4,70.3,42000.0,29539.0,78436.0
2020-02,0.55,10039.0,94.9,61.5,42000.0,25842.0,85117.0
2020-03,0.65,6516.0,95.8,54.3,42000.0,22827.0,61333.0
2020-04,0.72,462.0,97.0,6.0,42000.0,2520.0,4309.0
2020-05,0.62,358.0,98.5,6.0,42000.0,2520.0,3080.0
2020-06,0.68,236.0,97.3,6.0,42000.0,2520.0,2101.0
2020-07,0.56,345.0,97.4,6.0,42000.0,2520.0,2916.0
2020-08,0.5,416.0,94.8,6.0,42000.0,2520.0,3499.0
2020-09,0.55,2350.0,95.2,23.3,42000.0,9783.0,25113.0
2020-10,0.59,3181.0,95.7,25.0,42000.0,10513.0,30417.0
2020-11,0.57,3447.0,95.2,31.5,42000.0,13242.0,41518.0
2020-12,0.46,5545.0,96.1,37.7,42000.0,15817.0,53485.0
2021-01,0.59,5322.0,95.0,37.3,42000.0,15673.0,47920.0
2021-02,0.49,5532.0,95.4,33.7,42000.0,14166.0,46310.0
2021-03,0.66,3921.0,98.1,30.8,42000.0,12934.0,39100.0
2021-04,0.7,2251.0,95.5,14.3,42000.0,5990.0,18642.0
2021-05,0.47,1626.0,93.7,12.1,42000.0,5061.0,14112.0
2021-06,0.65,1082.0,95.4,9.9,42000.0,4138.0,10287.0
2021-07,0.49,1248.0,96.6,11.8,42000.0,4968.0,11159.0
2021-08,0.76,1989.0,96.9,11.8,42000.0,4961.0,15966.0
2021-09,0.51,5155.0,95.1,42.9,42000.0,18017.0,51249.0
2021-10,0.64,7865.0,97.1,54.8,42000.0,23009.0,64650.0
2021-11,0.46,9648.0,96.5,63.2,42000.0,26538.0,81751.0
2021-12,0.49,11304.0,95.4,66.8,42000.0,28047.0,109903.0
2022-01,0.49,11296.0,95.8,68.8,42000.0,28893.0,104314.0
2022-02,0.51,10196.0,93.9,65.1,42000.0,27345.0,86737.0
2022-03,0.59,8185.0,96.0,59.8,42000.0,25114.0,75507.0
2022-04,0.55,6818.0,95.7,45.7,42000.0,19173.0,53840.0
2022-05,0.63,5428.0,96.2,35.9,42000.0,15090.0,46678.0
2022-06,0.69,3045.0,95.8,28.0,42000.0,11770.0,32806.0
2022-07,0.56,4188.0,97.8,33.0,42000.0,13842.0,37859.0
2022-08,0.47,5090.0,95.5,40.3,42000.0,16911.0,47329.0
2022-09,0.8,5803.0,95.5,41.6,42000.0,17483.0,50573.0
2022-10,0.57,6625.0,98.1,49.8,42000.0,20926.0,67209.0
2022-11,0.69,11969.0,94.0,58.8,42000.0,24676.0,100392.0
2022-12,0.56,13790.0,95.6,66.9,42000.0,28114.0,119525.0
2023-01,0.5,8884.0,94.1,67.0,42000.0,28148.0,94071.0
2023-02,0.4,9650.0,95.9,59.0,42000.0,24767.0,94758.0
2023-03,0.68,10157.0,95.9,61.2,42000.0,25683.0,88248.0
2023-04,0.62,7441.0,96.5,44.3,42000.0,18626.0,79670.0
2023-05,0.69,5565.0,97.2,38.7,42000.0,16259.0,48861.0
2023-06,0.6,5648.0,95.0,30.7,42000.0,12905.0,46165.0
2023-07,0.71,5766.0,94.5,33.3,42000.0,13982.0,44106.0
2023-08,0.73,4998.0,96.2,41.7,42000.0,17532.0,48561.0
2023-09,0.6,6738.0,96.4,42.2,42000.0,17741.0,57413.0
2023-10,0.76,7545.0,96.0,50.9,42000.0,21388.0,75083.0
2023-11,0.47,11764.0,94.4,62.6,42000.0,26271.0,90865.0
2023-12,0.56,11549.0,95.1,66.6,42000.0,27992.0,112322.0
2024-01,0.68,10813.0,97.1,69.4,42000.0,29154.0,105591.0
2024-02,0.63,10458.0,96.7,68.0,42000.0,28560.0,104634.0
2024-03,0.63,9248.0,94.6,59.6,42000.0,25048.0,80133.0
2024-04,0.53,10240.0,95.9,44.6,42000.0,18736.0,84764.0
2024-05,0.63,5145.0,94.7,37.1,42000.0,15590.0,51308.0
2024-06,0.76,5219.0,93.9,30.5,42000.0,12809.0,48883.0
2024-07,0.65,5202.0,96.7,32.1,42000.0,13497.0,44481.0
2024-08,0.64,5495.0,96.2,38.0,42000.0,15973.0,51187.0
2024-09,0.42,7255.0,97.2,43.8,42000.0,18402.0,60567.0
2024-10,0.53,7202.0,95.8,53.6,42000.0,22492.0,68557.0
2024-11,0.82,11987.0,95.0,64.1,42000.0,26939.0,97383.0
2024-12,0.72,14904.0,95.8,73.0,42000.0,30648.0,133742.0
2025-01,0.54,11043.0,96.3,72.7,42000.0,30532.0,114244.0
2025-02,0.44,12743.0,95.6,68.8,42000.0,28899.0,113871.0
2025-03,0.66,13598.0,96.4,58.3,42000.0,24484.0,117531.0
2025-04,0.53,8563.0,95.3,52.3,42000.0,21968.0,72806.0
2025-05,0.65,5634.0,96.8,39.7,42000.0,16657.0,52283.0
2025-06,0.74,5440.0,96.3,29.7,42000.0,12468.0,52018.0
2025-07,0.53,5799.0,95.6,34.7,42000.0,14556.0,48972.0
2025-08,0.61,6084.0,94.9,38.6,42000.0,16213.0,53068.0
2025-09,0.69,6663.0,94.6,43.5,42000.0,18256.0,72464.0
2025-10,0.65,10379.0,94.7,51.4,42000.0,21587.0,90862.0
2025-11,0.57,12416.0,95.7,58.3,42000.0,24480.0,112967.0
2025-12,0.65,18130.0,95.2,72.5,42000.0,30454.0,149564.0
2026-01,0.61,15667.0,95.2,74.7,42000.0,31379.0,124317.0
2026-02,0.63,13165.0,95.7,73.5,42000.0,30864.0,120461.0
2026-03,0.69,11714.0,94.6,60.1,42000.0,25237.0,112792.0
2026-04,0.59,9593.0,95.3,52.3,42000.0,21957.0,84469.0
2026-05,0.73,9223.0,95.5,39.5,42000.0,16586.0,74385.0
2026-06,0.48,3874.0,95.7,31.5,42000.0,13236.0,38014.0
2026-07,0.56,4741.0,95.4,35.7,42000.0,14996.0,49163.0
2026-08,0.58,6309.0,95.7,38.9,42000.0,16334.0,56796.0
