period,variable,value,unit,quality_flag
2019-Q1,support_pct,72.1,%,ok
2019-Q1,oppose_pct,9.1,%,ok
2019-Q1,respondents,165.0,count,ok
2019-Q1,crowding_concern_pct,24.8,%,ok
2019-Q1,benefit_perception_pct,50.6,%,ok
2019-Q2,support_pct,70.4,%,ok
2019-Q2,oppose_pct,5.6,%,ok
2019-Q2,respondents,170.0,count,ok
2019-Q2,crowding_concern_pct,20.4,%,ok
2019-Q2,benefit_perception_pct,54.4,%,ok
2019-Q3,support_pct,75.9,%,ok
2019-Q3,oppose_pct,9.0,%,ok
2019-Q3,respondents,113.0,count,ok
2019-Q3,crowding_concern_pct,14.3,%,ok
2019-Q3,benefit_perception_pct,46.1,%,ok
2019-Q4,support_pct,68.8,%,ok
2019-Q4,oppose_pct,13.5,%,ok
2019-Q4,respondents,201.0,count,ok
2019-Q4,crowding_concern_pct,19.2,%,ok
2019-Q4,benefit_perception_pct,44.9,%,ok
2020-Q1,support_pct,73.8,%,ok
2020-Q1,oppose_pct,11.5,%,ok
2020-Q1,respondents,190.0,count,ok
2020-Q1,crowding_concern_pct,18.3,%,ok
2020-Q1,benefit_perception_pct,43.0,%,ok
2020-Q2,support_pct,67.3,%,ok
2020-Q2,oppose_pct,10.2,%,ok
2020-Q2,respondents,90.0,count,ok
2020-Q2,crowding_concern_pct,23.5,%,ok
2020-Q2,benefit_perception_pct,51.8,%,ok
2020-Q3,support_pct,74.8,%,ok
2020-Q3,oppose_pct,9.1,%,ok
2020-Q3,respondents,170.0,count,ok
2020-Q3,crowding_concern_pct,20.0,%,ok
2020-Q3,benefit_perception_pct,52.2,%,ok
2020-Q4,support_pct,74.0,%,ok
2020-Q4,oppose_pct,10.3,%,ok
2020-Q4,respondents,247.0,count,ok
2020-Q4,crowding_concern_pct,22.3,%,ok
2020-Q4,benefit_perception_pct,40.4,%,ok
2021-Q1,support_pct,70.6,%,ok
2021-Q1,oppose_pct,10.5,%,ok
2021-Q1,respondents,174.0,count,ok
2021-Q1,crowding_concern_pct,22.1,%,ok
2021-Q1,benefit_perception_pct,52.8,%,ok
2021-Q2,support_pct,66.5,%,ok
2021-Q2,oppose_pct,10.3,%,ok
2021-Q2,respondents,214.0,count,ok
2021-Q2,crowding_concern_pct,24.1,%,ok
2021-Q2,benefit_perception_pct,43.1,%,ok
2021-Q3,support_pct,72.9,%,ok
2021-Q3,oppose_pct,14.3,%,ok
2021-Q3,respondents,254.0,count,ok
2021-Q3,crowding_concern_pct,25.9,%,ok
2021-Q3,benefit_perception_pct,42.6,%,ok
2021-Q4,support_pct,69.3,%,ok
2021-Q4,oppose_pct,10.8,%,ok
2021-Q4,respondents,161.0,count,ok
2021-Q4,crowding_concern_pct,26.3,%,ok
2021-Q4,benefit_perception_pct,50.1,%,ok
2022-Q1,support_pct,65.3,%,ok
2022-Q1,oppose_pct,11.3,%,ok
2022-Q1,respondents,224.0,count,ok
2022-Q1,crowding_concern_pct,25.0,%,ok
2022-Q1,benefit_perception_pct,45.4,%,ok
2022-Q2,support_pct,71.0,%,ok
2022-Q2,oppose_pct,13.1,%,ok
2022-Q2,respondents,257.0,count,ok
2022-Q2,crowding_concern_pct,26.7,%,ok
2022-Q2,benefit_perception_pct,51.3,%,ok
2022-Q3,support_pct,69.9,%,ok
2022-Q3,oppose_pct,11.6,%,ok
2022-Q3,respondents,165.0,count,ok
2022-Q3,crowding_concern_pct,19.5,%,ok
2022-Q3,benefit_perception_pct,43.6,%,ok
2022-Q4,support_pct,66.6,%,ok
2022-Q4,oppose_pct,12.4,%,ok
2022-Q4,respondents,182.0,count,ok
2022-Q4,crowding_concern_pct,20.0,%,ok
2022-Q4,benefit_perception_pct,50.2,%,ok
2023-Q1,support_pct,63.3,%,ok
2023-Q1,oppose_pct,8.3,%,ok
2023-Q1,respondents,187.0,count,ok
2023-Q1,crowding_concern_pct,30.9,%,ok
2023-Q1,benefit_perception_pct,52.6,%,ok
2023-Q2,support_pct,71.7,%,ok
2023-Q2,oppose_pct,12.5,%,ok
2023-Q2,respondents,127.0,count,ok
2023-Q2,crowding_concern_pct,29.2,%,ok
2023-Q2,benefit_perception_pct,47.4,%,ok
2023-Q3,support_pct,68.2,%,ok
2023-Q3,oppose_pct,9.8,%,ok
2023-Q3,respondents,130.0,count,ok
2023-Q3,crowding_concern_pct,23.8,%,ok
2023-Q3,benefit_perception_pct,48.7,%,ok
2023-Q4,support_pct,67.8,%,ok
2023-Q4,oppose_pct,13.4,%,ok
2023-Q4,respondents,235.0,count,ok
2023-Q4,crowding_concern_pct,23.4,%,ok
2023-Q4,benefit_perception_pct,48.2,%,ok
2024-Q1,support_pct,68.6,%,ok
2024-Q1,oppose_pct,13.4,%,ok
2024-Q1,respondents,206.0,count,ok
2024-Q1,crowding_concern_pct,28.1,%,ok
2024-Q1,benefit_perception_pct,44.6,%,ok
2024-Q2,support_pct,70.9,%,ok
2024-Q2,oppose_pct,15.1,%,ok
2024-Q2,respondents,139.0,count,ok
2024-Q2,crowding_concern_pct,27.5,%,ok
2024-Q2,benefit_perception_pct,54.7,%,ok
2024-Q3,support_pct,71.0,%,ok
2024-Q3,oppose_pct,14.9,%,ok
2024-Q3,respondents,216.0,count,ok
2024-Q3,crowding_concern_pct,31.6,%,ok
2024-Q3,benefit_perception_pct,44.6,%,ok
2024-Q4,support_pct,65.3,%,ok
2024-Q4,oppose_pct,14.1,%,ok
2024-Q4,respondents,98.0,count,ok
2024-Q4,crowding_concern_pct,28.9,%,ok
2024-Q4,benefit_perception_pct,50.5,%,ok
2025-Q1,support_pct,69.1,%,ok
2025-Q1,oppose_pct,13.0,%,ok
2025-Q1,respondents,197.0,count,ok
2025-Q1,crowding_concern_pct,26.4,%,ok
2025-Q1,benefit_perception_pct,46.6,%,ok
2025-Q2,support_pct,68.8,%,ok
2025-Q2,oppose_pct,11.9,%,ok
2025-Q2,respondents,147.0,count,ok
2025-Q2,crowding_concern_pct,27.5,%,ok
2025-Q2,benefit_perception_pct,51.4,%,ok
2025-Q3,support_pct,68.7,%,ok
2025-Q3,oppose_pct,13.7,%,ok
2025-Q3,respondents,127.0,count,ok
2025-Q3,crowding_concern_pct,31.7,%,ok
2025-Q3,benefit_perception_pct,49.0,%,ok
2025-Q4,support_pct,63.9,%,ok
2025-Q4,oppose_pct,17.0,%,ok
2025-Q4,respondents,215.0,count,ok
2025-Q4,crowding_concern_pct,25.7,%,ok
2025-Q4,benefit_perception_pct,49.8,%,ok
2026-Q1,support_pct,64.4,%,ok
2026-Q1,oppose_pct,18.7,%,ok
2026-Q1,respondents,257.0,count,ok
2026-Q1,crowding_concern_pct,32.8,%,ok
2026-Q1,benefit_perception_pct,50.5,%,ok
2026-Q2,support_pct,66.0,%,ok
2026-Q2,oppose_pct,16.6,%,ok
2026-Q2,respondents,154.0,count,ok
2026-Q2,crowding_concern_pct,30.1,%,ok
2026-Q2,benefit_perception_pct,46.3,%,ok
